dna_codon,rna_codon,aminoacid,three_letters,single_letter
GCA,GCA,alanine,Ala,A
GCC,GCC,alanine,Ala,A
GCG,GCG,alanine,Ala,A
GCT,GCU,alanine,Ala,A
TGC,UGC,cysteine,Cys,C
TGT,UGU,cysteine,Cys,C
GAC,GAC,aspartic acid,Asp,D
GAT,GAU,aspartic acid,Asp,D
GAA,GAA,glutamic acid,Glu,E
GAG,GAG,glutamic acid,Glu,E
TTC,UUC,phenylalanine,Phe,F
TTT,UUU,phenylalanine,Phe,F
GGA,GGA,glycine,Gly,G
GGC,GGC,glycine,Gly,G
GGG,GGG,glycine,Gly,G
GGT,GGU,glycine,Gly,G
CAC,CAC,hystidine,His,H
CAT,CAU,hystidine,His,H
ATA,AUA,isoleucine,Ile,I
ATC,AUC,isoleucine,Ile,I
ATT,AUU,isoleucine,Ile,I
AAA,AAA,lysine,Lys,K
AAG,AAG,lysine,Lys,K
CTAK,CUA,leucine,Leu,L
CTC,CUC,leucine,Leu,L
CTG,CUG,leucine,Leu,L
CTT,CUU,leucine,Leu,L
TTA,UUA,leucine,Leu,L
TTG,UUG,leucine,Leu,L
ATG,AUG,methionine,Met,M
AAC,AAC,asparagine,Asn,N
AAT,AAU,asparagine,Asn,N
CCA,CCA,proline,Pro,P
CCC,CCC,proline,Pro,P
CCG,CCG,proline,Pro,P
CCT,CCU,proline,Pro,P
CAA,CAA,glutamine,Gln,Q
CAG,CAG,glutamine,Gln,Q
AGA,AGA,arginine,Arg,R
AGG,AGG,arginine,Arg,R
CGA,CGA,arginine,Arg,R
CGC,CGC,arginine,Arg,R
CGG,CGG,arginine,Arg,R
CGT,CGU,arginine,Arg,R
TAA,UAA,STOP,STP,-
TAG,UAG,STOP,STP,-
TGA,UGA,STOP,STP,-
AGC,AGC,serine,Ser,S
AGT,AGU,serine,Ser,S
TCA,UCA,serine,Ser,S
TCC,UCC,serine,Ser,S
TCG,UCG,serine,Ser,S
TCT,UCU,serine,Ser,S
ACA,ACA,threonine,Thr,T
ACC,ACC,threonine,Thr,T
ACG,ACG,threonine,Thr,T
ACT,ACU,threonine,Thr,T
GTA,GUA,valine,Val,V
GTC,GUC,valine,Val,V
GTG,GUG,valine,Val,V
GTT,GUU,valine,Val,V
TGG,UGG,tryptophan,Trp,W
TAC,UAC,tyrosine,Tyr,Y
TAT,UAU,tyrosine,Tyr,Y
